lat,lon,loc,date,timespan,count,daily_count,season,season_year,mean_seasonal_daily_count,lifecycle_duration
-37.9721,146.98525,Maffra,1980-11-13T00:00:00Z,3,4672,1557.3333333333333,Spring,1980,150.51262626262624,59.41666666666667
-37.9721,146.98525,Maffra,1980-11-17T00:00:00Z,4,2888,722,Spring,1980,150.51262626262624,56.041666666666664
-37.9721,146.98525,Maffra,1980-11-20T00:00:00Z,3,1209,403,Spring,1980,150.51262626262624,55.16666666666667
-37.9721,146.98525,Maffra,1981-01-15T00:00:00Z,3,565,188.33333333333334,Summer,1981,20.741176470588233,51.875
-37.9721,146.98525,Maffra,1981-01-19T00:00:00Z,4,203,50.75,Summer,1981,20.741176470588233,50.70833333333333
-37.9721,146.98525,Maffra,1981-12-03T00:00:00Z,3,33,11,Spring,1981,5.12892156862745,55.666666666666664
-37.9721,146.98525,Maffra,1981-12-07T00:00:00Z,4,68,17,Spring,1981,5.12892156862745,57.083333333333336
-37.9721,146.98525,Maffra,1981-12-14T00:00:00Z,4,59,14.75,Spring,1981,5.12892156862745,56.5
-37.9721,146.98525,Maffra,1981-12-21T00:00:00Z,4,65,16.25,Spring,1981,5.12892156862745,54.291666666666664
-37.9721,146.98525,Maffra,1981-12-24T00:00:00Z,3,71,23.666666666666668,Spring,1981,5.12892156862745,54.33333333333333
-37.9721,146.98525,Maffra,1981-12-31T00:00:00Z,2,33,16.5,Spring,1981,5.12892156862745,53.416666666666664
-37.9721,146.98525,Maffra,1982-01-04T00:00:00Z,4,60,15,Summer,1982,3.908333333333333,58.20833333333334
-37.9721,146.98525,Maffra,1982-01-07T00:00:00Z,3,65,21.666666666666668,Summer,1982,3.908333333333333,58.54166666666667
-37.9721,146.98525,Maffra,1982-10-28T00:00:00Z,3,31,10.333333333333334,Spring,1982,3.721428571428571,55.70833333333333
-37.9721,146.98525,Maffra,1982-11-08T00:00:00Z,4,37,9.25,Spring,1982,3.721428571428571,51.75
-37.9721,146.98525,Maffra,1982-11-15T00:00:00Z,4,40,10,Spring,1982,3.721428571428571,50.916666666666664
-37.9721,146.98525,Maffra,1982-11-25T00:00:00Z,3,48,16,Spring,1982,3.721428571428571,53.45833333333333
-37.9721,146.98525,Maffra,1982-12-29T00:00:00Z,6,65,10.833333333333334,Spring,1982,3.721428571428571,56.41666666666667
-37.9721,146.98525,Maffra,1982-12-30T00:00:00Z,1,15,15,Spring,1982,3.721428571428571,56.75
-37.9721,146.98525,Maffra,1983-01-24T00:00:00Z,4,60,15,Summer,1983,4.147108843537415,48.458333333333336
-37.9721,146.98525,Maffra,1983-01-27T00:00:00Z,3,36,12,Summer,1983,4.147108843537415,49.833333333333336
-37.9721,146.98525,Maffra,1983-02-01T00:00:00Z,5,61,12.2,Summer,1983,4.147108843537415,55.66666666666667
-36.7217,142.1729,Horsham,1980-10-16T00:00:00Z,3,203,67.66666666666667,Spring,1980,25.166666666666668,68.41666666666667
-36.7217,142.1729,Horsham,1980-10-20T00:00:00Z,4,535,133.75,Spring,1980,25.166666666666668,70.20833333333333
-36.7217,142.1729,Horsham,1980-10-23T00:00:00Z,3,503,167.66666666666666,Spring,1980,25.166666666666668,72.875
-36.7217,142.1729,Horsham,1980-10-27T00:00:00Z,4,208,52,Spring,1980,25.166666666666668,72.54166666666667
-36.7217,142.1729,Horsham,1980-12-11T00:00:00Z,3,272,90.66666666666667,Spring,1980,25.166666666666668,63.54166666666667
-36.7217,142.1729,Horsham,1981-01-08T00:00:00Z,1,54,54,Summer,1981,22.896491228070175,73
-36.7217,142.1729,Horsham,1981-01-15T00:00:00Z,3,182,60.666666666666664,Summer,1981,22.896491228070175,69.20833333333334
-36.7217,142.1729,Horsham,1981-03-08T00:00:00Z,10,150,15,Autumn,1981,6.389166666666666,50.875
-36.7217,142.1729,Horsham,1981-04-06T00:00:00Z,4,65,16.25,Autumn,1981,6.389166666666666,92.45833333333333
-36.7217,142.1729,Horsham,1981-04-20T00:00:00Z,4,86,21.5,Autumn,1981,6.389166666666666,128.58333333333334
-36.7217,142.1729,Horsham,1981-09-21T00:00:00Z,4,108,27,Spring,1981,11.214285714285714,63.5
-36.7217,142.1729,Horsham,1981-10-26T00:00:00Z,7,178,25.428571428571427,Spring,1981,11.214285714285714,53.58333333333333
-36.7217,142.1729,Horsham,1981-11-09T00:00:00Z,4,260,65,Spring,1981,11.214285714285714,50.125
-36.7217,142.1729,Horsham,1981-12-14T00:00:00Z,4,200,50,Spring,1981,11.214285714285714,71.08333333333333
-36.7217,142.1729,Horsham,1981-12-28T00:00:00Z,4,114,28.5,Spring,1981,11.214285714285714,70.625
-36.7217,142.1729,Horsham,1981-12-31T00:00:00Z,3,132,44,Spring,1981,11.214285714285714,73.45833333333334
-36.7217,142.1729,Horsham,1982-01-21T00:00:00Z,3,132,44,Summer,1982,19.317708333333332,69.29166666666667
-36.7217,142.1729,Horsham,1982-02-15T00:00:00Z,4,156,39,Summer,1982,19.317708333333332,59.958333333333336
-36.7217,142.1729,Horsham,1982-03-08T00:00:00Z,4,174,43.5,Autumn,1982,9.113685556867376,56.625
-36.7217,142.1729,Horsham,1982-04-01T00:00:00Z,3,87,29,Autumn,1982,9.113685556867376,92.16666666666667
-36.7217,142.1729,Horsham,1982-04-08T00:00:00Z,3,108,36,Autumn,1982,9.113685556867376,108.25
-36.7217,142.1729,Horsham,1982-08-30T00:00:00Z,7,46,6.571428571428571,Winter,1982,1.4139194139194138,71.125
-36.7217,142.1729,Horsham,1982-10-25T00:00:00Z,4,140,35,Spring,1982,8.027380952380952,62.66666666666667
-36.7217,142.1729,Horsham,1982-10-28T00:00:00Z,3,52,17.333333333333332,Spring,1982,8.027380952380952,61.25
-36.7217,142.1729,Horsham,1982-11-04T00:00:00Z,3,283,94.33333333333333,Spring,1982,8.027380952380952,63.04166666666667
-36.7217,142.1729,Horsham,1983-01-31T00:00:00Z,4,46,11.5,Summer,1983,2.832222222222222,78.125
-36.7217,142.1729,Horsham,1983-03-03T00:00:00Z,7,56,8,Autumn,1983,0.8964285714285711,66.41666666666666
-36.7217,142.1729,Horsham,1983-03-07T00:00:00Z,4,22,5.5,Autumn,1983,0.8964285714285711,67.79166666666667
-36.7217,142.1729,Horsham,1983-06-20T00:00:00Z,6,39,6.5,Winter,1983,3.1473214285714284,125.08333333333334
-36.7217,142.1729,Horsham,1983-06-27T00:00:00Z,7,56,8,Winter,1983,3.1473214285714284,119.45833333333334
-36.7217,142.1729,Horsham,1983-11-03T00:00:00Z,3,70,23.333333333333332,Spring,1983,8.249473443223444,53.58333333333334
-36.7217,142.1729,Horsham,1983-11-24T00:00:00Z,3,56,18.666666666666668,Spring,1983,8.249473443223444,55.958333333333336
-36.7217,142.1729,Horsham,1983-12-12T00:00:00Z,4,77,19.25,Spring,1983,8.249473443223444,68.29166666666666
-36.7217,142.1729,Horsham,1983-12-19T00:00:00Z,4,70,17.5,Spring,1983,8.249473443223444,74.95833333333333
-36.7217,142.1729,Horsham,1984-02-16T00:00:00Z,3,127,42.333333333333336,Summer,1984,19.117878787878787,55.70833333333333
-36.7217,142.1729,Horsham,1984-02-23T00:00:00Z,3,222,74,Summer,1984,19.117878787878787,52.58333333333333
-36.7217,142.1729,Horsham,1984-04-05T00:00:00Z,3,32,10.666666666666666,Autumn,1984,4.506448412698413,78.58333333333333
-36.7217,142.1729,Horsham,1984-04-12T00:00:00Z,3,32,10.666666666666666,Autumn,1984,4.506448412698413,105.29166666666667
-36.7217,142.1729,Horsham,1984-04-15T00:00:00Z,3,72,24,Autumn,1984,4.506448412698413,110.95833333333334
-36.7217,142.1729,Horsham,1984-10-08T00:00:00Z,2,18,9,Spring,1984,1.8417919799498748,57.916666666666664
-36.7217,142.1729,Horsham,1984-11-08T00:00:00Z,3,53,17.666666666666668,Spring,1984,1.8417919799498748,54.95833333333333
-36.7217,142.1729,Horsham,1984-11-26T00:00:00Z,4,72,18,Spring,1984,1.8417919799498748,55.79166666666666
-36.7217,142.1729,Horsham,1984-12-03T00:00:00Z,4,26,6.5,Spring,1984,1.8417919799498748,56.75
-36.7217,142.1729,Horsham,1985-01-14T00:00:00Z,4,66,16.5,Summer,1985,4.0397727272727275,67.875
-36.7217,142.1729,Horsham,1985-01-29T00:00:00Z,4,35,8.75,Summer,1985,4.0397727272727275,59.95833333333334
-37.8216,142.0668,Hamilton,1980-11-13T00:00:00Z,3,226,75.33333333333333,Spring,1980,14.512254901960786,63.625
-37.8216,142.0668,Hamilton,1980-11-17T00:00:00Z,4,179,44.75,Spring,1980,14.512254901960786,61.875
-37.8216,142.0668,Hamilton,1980-11-20T00:00:00Z,3,173,57.666666666666664,Spring,1980,14.512254901960786,64.70833333333334
-37.8216,142.0668,Hamilton,1980-11-27T00:00:00Z,3,192,64,Spring,1980,14.512254901960786,60.625
-37.8216,142.0668,Hamilton,1980-12-11T00:00:00Z,3,190,63.333333333333336,Spring,1980,14.512254901960786,61.16666666666667
-37.8216,142.0668,Hamilton,1981-01-19T00:00:00Z,4,249,62.25,Summer,1981,12.71388888888889,65.45833333333334
-37.8216,142.0668,Hamilton,1981-02-03T00:00:00Z,1,49,49,Summer,1981,12.71388888888889,59.875
-37.8216,142.0668,Hamilton,1981-05-07T00:00:00Z,3,20,6.666666666666667,Autumn,1981,0.9131944444444444,154.66666666666666
-37.8216,142.0668,Hamilton,1981-11-05T00:00:00Z,3,21,7,Spring,1981,1.5896577380952381,61.5
-37.8216,142.0668,Hamilton,1982-01-21T00:00:00Z,3,76,25.333333333333332,Summer,1982,8.909374999999999,61.20833333333333
-37.8216,142.0668,Hamilton,1982-03-11T00:00:00Z,7,57,8.142857142857142,Autumn,1982,3.642857142857143,75.5
-37.8216,142.0668,Hamilton,1982-03-15T00:00:00Z,4,30,7.5,Autumn,1982,3.642857142857143,91.375
-37.8216,142.0668,Hamilton,1982-03-18T00:00:00Z,3,29,9.666666666666666,Autumn,1982,3.642857142857143,101.58333333333334
-37.8216,142.0668,Hamilton,1982-03-29T00:00:00Z,4,40,10,Autumn,1982,3.642857142857143,134.29166666666669
-37.8216,142.0668,Hamilton,1982-04-15T00:00:00Z,3,80,26.666666666666668,Autumn,1982,3.642857142857143,153.79166666666666
-37.8216,142.0668,Hamilton,1982-10-28T00:00:00Z,3,32,10.666666666666666,Spring,1982,2.6126984126984123,61.54166666666667
-37.8216,142.0668,Hamilton,1982-11-04T00:00:00Z,3,22,7.333333333333333,Spring,1982,2.6126984126984123,63.625
-37.8216,142.0668,Hamilton,1982-11-08T00:00:00Z,4,73,18.25,Spring,1982,2.6126984126984123,60.416666666666664
-37.8216,142.0668,Hamilton,1982-11-15T00:00:00Z,4,32,8,Spring,1982,2.6126984126984123,60.91666666666667
-37.8216,142.0668,Hamilton,1982-11-29T00:00:00Z,7,46,6.571428571428571,Spring,1982,2.6126984126984123,64.25
-37.8216,142.0668,Hamilton,1983-02-03T00:00:00Z,2,40,20,Summer,1983,3.4015873015873015,74.58333333333334
-37.8216,142.0668,Hamilton,1983-03-06T00:00:00Z,2,60,30,Autumn,1983,1.6579365079365078,97.79166666666666
-37.8216,142.0668,Hamilton,1984-10-25T00:00:00Z,3,28,9.333333333333334,Spring,1984,1.4402173913043481,64.08333333333333
-37.8216,142.0668,Hamilton,1984-11-01T00:00:00Z,3,18,6,Spring,1984,1.4402173913043481,60.291666666666664
-37.8216,142.0668,Hamilton,1984-11-14T00:00:00Z,6,100,16.666666666666668,Spring,1984,1.4402173913043481,55.62499999999999
-37.8216,142.0668,Hamilton,1984-11-19T00:00:00Z,4,32,8,Spring,1984,1.4402173913043481,57.20833333333333
-37.5619,143.8508,Ballarat,1983-11-08T00:00:00Z,1,90,90,Spring,1983,16.208525345622117,62.29166666666666
-37.5619,143.8508,Ballarat,1983-11-14T00:00:00Z,4,158,39.5,Spring,1983,16.208525345622117,64
-37.5619,143.8508,Ballarat,1983-12-08T00:00:00Z,3,100,33.333333333333336,Spring,1983,16.208525345622117,63.58333333333333
-37.5619,143.8508,Ballarat,1983-12-12T00:00:00Z,4,156,39,Spring,1983,16.208525345622117,61.25
-37.5619,143.8508,Ballarat,1983-12-22T00:00:00Z,3,186,62,Spring,1983,16.208525345622117,62.08333333333333
-36.101,146.5073,Rutherglen,1980-09-25T00:00:00Z,3,284,94.66666666666667,Spring,1980,46.97727272727273,59.916666666666664
-36.101,146.5073,Rutherglen,1980-10-20T00:00:00Z,4,835,208.75,Spring,1980,46.97727272727273,59.58333333333333
-36.101,146.5073,Rutherglen,1980-10-23T00:00:00Z,3,513,171,Spring,1980,46.97727272727273,67.45833333333334
-36.101,146.5073,Rutherglen,1980-11-13T00:00:00Z,3,295,98.33333333333333,Spring,1980,46.97727272727273,71.20833333333334
-36.101,146.5073,Rutherglen,1980-12-08T00:00:00Z,4,588,147,Spring,1980,46.97727272727273,57.375
-36.101,146.5073,Rutherglen,1980-12-11T00:00:00Z,3,640,213.33333333333334,Spring,1980,46.97727272727273,57.375
-36.101,146.5073,Rutherglen,1981-01-19T00:00:00Z,4,356,89,Summer,1981,29.02647058823529,81.54166666666667
-36.101,146.5073,Rutherglen,1981-02-12T00:00:00Z,3,217,72.33333333333333,Summer,1981,29.02647058823529,48.87499999999999
-36.101,146.5073,Rutherglen,1981-04-02T00:00:00Z,3,200,66.66666666666667,Autumn,1981,29.343333333333334,68.875
-36.101,146.5073,Rutherglen,1981-04-06T00:00:00Z,4,332,83,Autumn,1981,29.343333333333334,90.95833333333334
-36.101,146.5073,Rutherglen,1981-04-13T00:00:00Z,4,245,61.25,Autumn,1981,29.343333333333334,133.58333333333331
-36.101,146.5073,Rutherglen,1981-04-16T00:00:00Z,3,180,60,Autumn,1981,29.343333333333334,139.04166666666666
-36.101,146.5073,Rutherglen,1981-04-23T00:00:00Z,3,431,143.66666666666666,Autumn,1981,29.343333333333334,141.66666666666666
-36.101,146.5073,Rutherglen,1981-09-10T00:00:00Z,3,112,37.333333333333336,Spring,1981,15.239021164021162,60.458333333333336
-36.101,146.5073,Rutherglen,1981-09-14T00:00:00Z,4,216,54,Spring,1981,15.239021164021162,60.04166666666667
-36.101,146.5073,Rutherglen,1981-09-17T00:00:00Z,3,156,52,Spring,1981,15.239021164021162,59.95833333333333
-36.101,146.5073,Rutherglen,1981-10-12T00:00:00Z,4,192,48,Spring,1981,15.239021164021162,51.25
-36.101,146.5073,Rutherglen,1981-11-02T00:00:00Z,4,311,77.75,Spring,1981,15.239021164021162,49.208333333333336
-36.101,146.5073,Rutherglen,1982-02-04T00:00:00Z,2,315,157.5,Summer,1982,74.34666666666666,49.5
-36.101,146.5073,Rutherglen,1982-03-08T00:00:00Z,4,700,175,Autumn,1982,39.19721566312475,45.83333333333333
-36.101,146.5073,Rutherglen,1982-03-15T00:00:00Z,4,703,175.75,Autumn,1982,39.19721566312475,48.75
-36.101,146.5073,Rutherglen,1982-03-18T00:00:00Z,3,500,166.66666666666666,Autumn,1982,39.19721566312475,53.29166666666667
-36.101,146.5073,Rutherglen,1982-06-15T00:00:00Z,8,65,8.125,Winter,1982,2.9326923076923075,113.20833333333333
-36.101,146.5073,Rutherglen,1982-08-16T00:00:00Z,7,48,6.857142857142857,Winter,1982,2.9326923076923075,68.91666666666666
-36.101,146.5073,Rutherglen,1982-08-30T00:00:00Z,7,47,6.714285714285714,Winter,1982,2.9326923076923075,65.375
-36.101,146.5073,Rutherglen,1982-09-02T00:00:00Z,3,78,26,Spring,1982,6.5031024531024535,67.16666666666667
-36.101,146.5073,Rutherglen,1982-10-28T00:00:00Z,3,188,62.666666666666664,Spring,1982,6.5031024531024535,66.41666666666667
-36.101,146.5073,Rutherglen,1982-12-29T00:00:00Z,6,95,15.833333333333334,Spring,1982,6.5031024531024535,65.875
-36.101,146.5073,Rutherglen,1982-12-31T00:00:00Z,2,38,19,Spring,1982,6.5031024531024535,65.875
-36.101,146.5073,Rutherglen,1983-02-25T00:00:00Z,4,477,119.25,Summer,1983,13.151041666666664,72.91666666666666
-36.101,146.5073,Rutherglen,1983-03-01T00:00:00Z,4,175,43.75,Autumn,1983,3.7396666666666674,72.91666666666666
-36.101,146.5073,Rutherglen,1983-03-03T00:00:00Z,2,29,14.5,Autumn,1983,3.7396666666666674,72.91666666666666
-36.101,146.5073,Rutherglen,1983-03-28T00:00:00Z,3,43,14.333333333333334,Autumn,1983,3.7396666666666674,122.41666666666667
-38.836745828938,146.228722703372,Yanakie,1980-11-24T00:00:00Z,7,666,95.14285714285714,Spring,1980,39.424479166666664,67.66666666666667
-38.836745828938,146.228722703372,Yanakie,1980-12-01T00:00:00Z,7,810,115.71428571428571,Spring,1980,39.424479166666664,67.83333333333334
-38.836745828938,146.228722703372,Yanakie,1980-12-15T00:00:00Z,6,817,136.16666666666666,Spring,1980,39.424479166666664,66.25
-38.836745828938,146.228722703372,Yanakie,1981-01-05T00:00:00Z,7,197,28.142857142857142,Summer,1981,10.978571428571428,56.25
-38.836745828938,146.228722703372,Yanakie,1981-12-03T00:00:00Z,3,57,19,Spring,1981,7.341931216931218,57.375
-38.836745828938,146.228722703372,Yanakie,1981-12-07T00:00:00Z,4,90,22.5,Spring,1981,7.341931216931218,62.16666666666667
-38.836745828938,146.228722703372,Yanakie,1982-01-18T00:00:00Z,7,663,94.71428571428571,Summer,1982,24.714814814814815,58.79166666666667
-38.836745828938,146.228722703372,Yanakie,1982-11-01T00:00:00Z,7,130,18.571428571428573,Spring,1982,6.294117647058823,63.75
-38.836745828938,146.228722703372,Yanakie,1982-11-15T00:00:00Z,7,128,18.285714285714285,Spring,1982,6.294117647058823,61.08333333333333
-38.836745828938,146.228722703372,Yanakie,1982-11-29T00:00:00Z,7,198,28.285714285714285,Spring,1982,6.294117647058823,57.83333333333333
-38.836745828938,146.228722703372,Yanakie,1983-01-31T00:00:00Z,7,112,16,Summer,1983,5.925029515938607,58.08333333333333
-38.836745828938,146.228722703372,Yanakie,1983-10-17T00:00:00Z,4,350,87.5,Spring,1983,13.125170068027211,74.04166666666667
-38.836745828938,146.228722703372,Yanakie,1983-11-24T00:00:00Z,3,116,38.666666666666664,Spring,1983,13.125170068027211,63.79166666666667
-38.836745828938,146.228722703372,Yanakie,1983-12-01T00:00:00Z,3,110,36.666666666666664,Spring,1983,13.125170068027211,66.04166666666666
-38.836745828938,146.228722703372,Yanakie,1983-12-05T00:00:00Z,4,114,28.5,Spring,1983,13.125170068027211,64.04166666666667
-38.836745828938,146.228722703372,Yanakie,1984-02-02T00:00:00Z,3,48,16,Summer,1984,7.614285714285715,58.875
-38.836745828938,146.228722703372,Yanakie,1984-02-13T00:00:00Z,3,71,23.666666666666668,Summer,1984,7.614285714285715,63.25
-38.836745828938,146.228722703372,Yanakie,1984-11-26T00:00:00Z,4,34,8.5,Spring,1984,3.2932330827067666,64.04166666666667
-38.836745828938,146.228722703372,Yanakie,1984-11-29T00:00:00Z,3,47,15.666666666666666,Spring,1984,3.2932330827067666,65.66666666666667
-38.836745828938,146.228722703372,Yanakie,1984-12-03T00:00:00Z,4,32,8,Spring,1984,3.2932330827067666,64.54166666666666
-38.836745828938,146.228722703372,Yanakie,1985-02-04T00:00:00Z,4,50,12.5,Summer,1985,3.8633699633699634,55.08333333333333
-35.496,143.5631,Swanhill,1990-08-30T00:00:00Z,1,7,7,Winter,1990,2.5,64.75
-35.496,143.5631,Swanhill,1990-08-31T00:00:00Z,1,13,13,Winter,1990,2.5,64.20833333333334
-35.496,143.5631,Swanhill,1990-09-07T00:00:00Z,1,34,34,Spring,1990,12.883333333333335,62.16666666666667
-35.496,143.5631,Swanhill,1990-09-12T00:00:00Z,1,38,38,Spring,1990,12.883333333333335,61.29166666666667
-35.496,143.5631,Swanhill,1990-09-23T00:00:00Z,1,60,60,Spring,1990,12.883333333333335,58.875
-35.496,143.5631,Swanhill,1990-09-24T00:00:00Z,1,32,32,Spring,1990,12.883333333333335,58.16666666666667
-35.496,143.5631,Swanhill,1990-09-25T00:00:00Z,1,43,43,Spring,1990,12.883333333333335,57.33333333333333
-35.496,143.5631,Swanhill,1990-10-04T00:00:00Z,1,49,49,Spring,1990,12.883333333333335,65.875
-35.496,143.5631,Swanhill,1990-10-05T00:00:00Z,1,53,53,Spring,1990,12.883333333333335,68.04166666666666
-35.496,143.5631,Swanhill,1990-10-08T00:00:00Z,1,42,42,Spring,1990,12.883333333333335,66.70833333333333
-35.496,143.5631,Swanhill,1990-10-10T00:00:00Z,1,160,160,Spring,1990,12.883333333333335,64.70833333333334
-35.496,143.5631,Swanhill,1990-10-15T00:00:00Z,1,26,26,Spring,1990,12.883333333333335,68.125
-35.496,143.5631,Swanhill,1990-10-24T00:00:00Z,1,69,69,Spring,1990,12.883333333333335,63.41666666666667
-35.496,143.5631,Swanhill,1991-09-05T00:00:00Z,1,18,18,Spring,1991,6.34090909090909,58.16666666666667
-35.496,143.5631,Swanhill,1991-09-07T00:00:00Z,1,15,15,Spring,1991,6.34090909090909,57.75
-35.496,143.5631,Swanhill,1991-10-02T00:00:00Z,1,19,19,Spring,1991,6.34090909090909,51.54166666666666
-35.496,143.5631,Swanhill,1991-10-04T00:00:00Z,1,60,60,Spring,1991,6.34090909090909,54.20833333333333
-35.496,143.5631,Swanhill,1991-10-05T00:00:00Z,1,39,39,Spring,1991,6.34090909090909,53.79166666666667
-35.496,143.5631,Swanhill,1991-10-06T00:00:00Z,1,16,16,Spring,1991,6.34090909090909,54.29166666666667
-35.496,143.5631,Swanhill,1991-10-12T00:00:00Z,1,38,38,Spring,1991,6.34090909090909,52.66666666666666
-35.496,143.5631,Swanhill,1991-10-15T00:00:00Z,1,22,22,Spring,1991,6.34090909090909,53.08333333333334
-37.397341,143.083979,Ararat,1980-10-20T00:00:00Z,7,7654,1093.4285714285713,Spring,1980,118.29936974789915,71.83333333333334
-37.397341,143.083979,Ararat,1980-10-27T00:00:00Z,7,3127,446.7142857142857,Spring,1980,118.29936974789915,69.375
-37.397341,143.083979,Ararat,1981-04-06T00:00:00Z,7,115,16.428571428571427,Autumn,1981,4.4945054945054945,168.54166666666666
-37.397341,143.083979,Ararat,1981-04-13T00:00:00Z,7,69,9.857142857142858,Autumn,1981,4.4945054945054945,177
-37.397341,143.083979,Ararat,1981-04-27T00:00:00Z,7,81,11.571428571428571,Autumn,1981,4.4945054945054945,175.25
-37.397341,143.083979,Ararat,1981-11-09T00:00:00Z,7,9797,1399.5714285714287,Spring,1981,94.52100840336135,59.16666666666667
-37.397341,143.083979,Ararat,1982-04-19T00:00:00Z,7,570,81.42857142857143,Autumn,1982,14.240000000000002,167.66666666666669
-37.397341,143.083979,Ararat,1982-06-14T00:00:00Z,7,36,5.142857142857143,Winter,1982,1.857142857142857,139
-37.397341,143.083979,Ararat,1982-08-30T00:00:00Z,7,47,6.714285714285714,Winter,1982,1.857142857142857,83.20833333333333
-37.397341,143.083979,Ararat,1982-10-25T00:00:00Z,7,121,17.285714285714285,Spring,1982,8.563025210084033,61.458333333333336
-37.397341,143.083979,Ararat,1982-11-01T00:00:00Z,7,160,22.857142857142858,Spring,1982,8.563025210084033,61.66666666666667
-37.397341,143.083979,Ararat,1982-11-08T00:00:00Z,7,383,54.714285714285715,Spring,1982,8.563025210084033,58.5
-37.397341,143.083979,Ararat,1982-11-15T00:00:00Z,7,157,22.428571428571427,Spring,1982,8.563025210084033,60.41666666666667
-37.397341,143.083979,Ararat,1983-02-03T00:00:00Z,3,147,49,Summer,1983,8.535714285714286,71.08333333333333
-37.397341,143.083979,Ararat,1983-03-03T00:00:00Z,3,42,14,Autumn,1983,1.6572463768115946,112.08333333333334
-37.397341,143.083979,Ararat,1983-03-07T00:00:00Z,4,56,14,Autumn,1983,1.6572463768115946,155.58333333333331
-37.397341,143.083979,Ararat,1983-11-03T00:00:00Z,3,141,47,Spring,1983,19.446428571428566,61.95833333333333
-37.397341,143.083979,Ararat,1983-11-08T00:00:00Z,1,126,126,Spring,1983,19.446428571428566,59.791666666666664
-37.397341,143.083979,Ararat,1983-11-24T00:00:00Z,3,145,48.333333333333336,Spring,1983,19.446428571428566,58.833333333333336
-37.397341,143.083979,Ararat,1983-12-22T00:00:00Z,3,552,184,Spring,1983,19.446428571428566,63.91666666666666
-37.397341,143.083979,Ararat,1984-02-06T00:00:00Z,4,570,142.5,Summer,1984,70.74438775510204,53.916666666666664
-37.397341,143.083979,Ararat,1984-02-20T00:00:00Z,4,999,249.75,Summer,1984,70.74438775510204,67.66666666666666
-37.397341,143.083979,Ararat,1984-02-23T00:00:00Z,3,596,198.66666666666666,Summer,1984,70.74438775510204,68.70833333333334
-37.397341,143.083979,Ararat,1984-03-05T00:00:00Z,3,34,11.333333333333334,Autumn,1984,4.6620879120879115,78.5
-37.397341,143.083979,Ararat,1984-03-08T00:00:00Z,3,162,54,Autumn,1984,4.6620879120879115,81.95833333333334
-37.397341,143.083979,Ararat,1984-03-15T00:00:00Z,3,28,9.333333333333334,Autumn,1984,4.6620879120879115,101
-37.397341,143.083979,Ararat,1984-03-26T00:00:00Z,4,76,19,Autumn,1984,4.6620879120879115,162.95833333333334
-37.397341,143.083979,Ararat,1984-04-12T00:00:00Z,3,32,10.666666666666666,Autumn,1984,4.6620879120879115,182.375
-37.397341,143.083979,Ararat,1984-11-08T00:00:00Z,3,50,16.666666666666668,Spring,1984,7.433333333333333,54.625
-37.397341,143.083979,Ararat,1984-11-13T00:00:00Z,5,800,160,Spring,1984,7.433333333333333,53.75
-37.397341,143.083979,Ararat,1984-11-27T00:00:00Z,5,164,32.8,Spring,1984,7.433333333333333,52.125
-37.397341,143.083979,Ararat,1985-01-14T00:00:00Z,4,36,9,Summer,1985,4.204901960784314,56.20833333333333
-37.397341,143.083979,Ararat,1985-02-03T00:00:00Z,3,57,19,Summer,1985,4.204901960784314,51.91666666666666
-37.397341,143.083979,Ararat,1985-03-14T00:00:00Z,3,208,69.33333333333333,Autumn,1985,7.083333333333332,74.5
-37.397341,143.083979,Ararat,1986-10-25T00:00:00Z,4,116,29,Spring,1986,12.678735632183908,69.08333333333333
-37.397341,143.083979,Ararat,1986-11-07T00:00:00Z,4,480,120,Spring,1986,12.678735632183908,66.70833333333334
-37.397341,143.083979,Ararat,1986-11-27T00:00:00Z,2,160,80,Spring,1986,12.678735632183908,61.375
-37.397341,143.083979,Ararat,1987-11-02T00:00:00Z,4,10752,2688,Spring,1987,169.98786676286676,60.375
-41.1912,146.3282,Stoney Rise,1995-02-11T00:00:00Z,7,40,5.714285714285714,Summer,1995,1.1628869047619048,72.08333333333334
-41.1912,146.3282,Stoney Rise,2004-10-14T00:00:00Z,7,36,5.142857142857143,Spring,2004,0.7222222222222222,76.41666666666666
-31.2953,141.7099,Fowlers Gap,1988-07-08T00:00:00Z,7,132,18.857142857142858,Winter,1988,2.49484126984127,69.25
-31.2953,141.7099,Fowlers Gap,1989-05-17T00:00:00Z,2,35,17.5,Autumn,1989,1.9566326530612248,106.16666666666666
-31.2953,141.7099,Fowlers Gap,1989-06-03T00:00:00Z,6,39,6.5,Winter,1989,1.6904761904761905,99.95833333333333
-34.55784,138.83408,Turretfield,1960-11-11T00:00:00Z,1,12,12,Spring,1960,1.9836065573770485,81.08333333333333
-34.55784,138.83408,Turretfield,1960-11-13T00:00:00Z,1,10,10,Spring,1960,1.9836065573770485,79.79166666666666
-34.55784,138.83408,Turretfield,1960-11-16T00:00:00Z,1,20,20,Spring,1960,1.9836065573770485,77.25
-34.55784,138.83408,Turretfield,1960-11-17T00:00:00Z,1,7,7,Spring,1960,1.9836065573770485,77.75
-34.55784,138.83408,Turretfield,1960-11-19T00:00:00Z,1,9,9,Spring,1960,1.9836065573770485,77.29166666666667
-34.55784,138.83408,Turretfield,1960-11-20T00:00:00Z,1,6,6,Spring,1960,1.9836065573770485,77.54166666666667
-34.55784,138.83408,Turretfield,1960-11-22T00:00:00Z,1,8,8,Spring,1960,1.9836065573770485,78.16666666666667
-34.55784,138.83408,Turretfield,1960-11-24T00:00:00Z,1,7,7,Spring,1960,1.9836065573770485,78.08333333333334
-34.55784,138.83408,Turretfield,1960-11-27T00:00:00Z,1,6,6,Spring,1960,1.9836065573770485,79.04166666666666
-34.55784,138.83408,Turretfield,1960-12-23T00:00:00Z,1,15,15,Spring,1960,1.9836065573770485,77.75
-34.55784,138.83408,Turretfield,1961-01-25T00:00:00Z,1,15,15,Summer,1961,1.0666666666666667,68.95833333333333
-34.55784,138.83408,Turretfield,1961-01-26T00:00:00Z,1,10,10,Summer,1961,1.0666666666666667,68.95833333333333
-34.55784,138.83408,Turretfield,1961-12-09T00:00:00Z,1,14,14,Spring,1961,6.252159516268356,78.08333333333334
-34.55784,138.83408,Turretfield,1961-12-13T00:00:00Z,1,34,34,Spring,1961,6.252159516268356,77.08333333333334
-34.55784,138.83408,Turretfield,1961-12-14T00:00:00Z,1,24,24,Spring,1961,6.252159516268356,77
-34.55784,138.83408,Turretfield,1961-12-15T00:00:00Z,1,14,14,Spring,1961,6.252159516268356,78.375
-34.55784,138.83408,Turretfield,1962-10-16T00:00:00Z,1,23,23,Spring,1962,6.5308641975308666,72.79166666666667
-34.55784,138.83408,Turretfield,1962-10-21T00:00:00Z,1,19,19,Spring,1962,6.5308641975308666,69.25
-34.55784,138.83408,Turretfield,1962-10-26T00:00:00Z,1,20,20,Spring,1962,6.5308641975308666,65.83333333333333
-34.55784,138.83408,Turretfield,1962-10-28T00:00:00Z,1,16,16,Spring,1962,6.5308641975308666,66.29166666666667
-34.55784,138.83408,Turretfield,1962-10-29T00:00:00Z,1,15,15,Spring,1962,6.5308641975308666,65.70833333333333
-34.55784,138.83408,Turretfield,1962-10-30T00:00:00Z,1,46,46,Spring,1962,6.5308641975308666,65.20833333333333
-34.55784,138.83408,Turretfield,1962-10-31T00:00:00Z,1,16,16,Spring,1962,6.5308641975308666,64.95833333333333
-34.55784,138.83408,Turretfield,1962-11-05T00:00:00Z,1,28,28,Spring,1962,6.5308641975308666,62.66666666666667
-34.55784,138.83408,Turretfield,1962-11-06T00:00:00Z,1,22,22,Spring,1962,6.5308641975308666,64.33333333333333
-34.55784,138.83408,Turretfield,1962-11-07T00:00:00Z,1,25,25,Spring,1962,6.5308641975308666,64.08333333333334
-34.55784,138.83408,Turretfield,1962-11-09T00:00:00Z,1,37,37,Spring,1962,6.5308641975308666,63.458333333333336
-34.55784,138.83408,Turretfield,1962-11-14T00:00:00Z,1,16,16,Spring,1962,6.5308641975308666,66.41666666666667
-34.55784,138.83408,Turretfield,1962-11-16T00:00:00Z,1,27,27,Spring,1962,6.5308641975308666,68.375
-34.55784,138.83408,Turretfield,1962-11-22T00:00:00Z,1,16,16,Spring,1962,6.5308641975308666,65.125
-34.55784,138.83408,Turretfield,1962-11-27T00:00:00Z,1,40,40,Spring,1962,6.5308641975308666,65.16666666666666
-34.55784,138.83408,Turretfield,1963-09-22T00:00:00Z,1,10,10,Spring,1963,4.5536723163841835,57.75
-34.55784,138.83408,Turretfield,1963-09-26T00:00:00Z,1,10,10,Spring,1963,4.5536723163841835,57.041666666666664
-34.55784,138.83408,Turretfield,1963-09-28T00:00:00Z,1,10,10,Spring,1963,4.5536723163841835,56.16666666666667
-34.55784,138.83408,Turretfield,1963-10-07T00:00:00Z,1,20,20,Spring,1963,4.5536723163841835,52.70833333333333
-34.55784,138.83408,Turretfield,1963-10-08T00:00:00Z,1,70,70,Spring,1963,4.5536723163841835,55.125
-34.55784,138.83408,Turretfield,1963-10-09T00:00:00Z,1,20,20,Spring,1963,4.5536723163841835,57.125
-34.55784,138.83408,Turretfield,1963-10-11T00:00:00Z,1,82,82,Spring,1963,4.5536723163841835,55.833333333333336
-34.55784,138.83408,Turretfield,1963-10-15T00:00:00Z,1,11,11,Spring,1963,4.5536723163841835,54.5
-34.55784,138.83408,Turretfield,1963-10-16T00:00:00Z,1,26,26,Spring,1963,4.5536723163841835,54.25
-34.55784,138.83408,Turretfield,1963-10-17T00:00:00Z,1,20,20,Spring,1963,4.5536723163841835,57.125
-34.55784,138.83408,Turretfield,1963-10-18T00:00:00Z,1,20,20,Spring,1963,4.5536723163841835,57
-34.55784,138.83408,Turretfield,1963-10-19T00:00:00Z,1,10,10,Spring,1963,4.5536723163841835,57.29166666666666
-34.55784,138.83408,Turretfield,1963-10-22T00:00:00Z,1,10,10,Spring,1963,4.5536723163841835,54.29166666666667
-34.55784,138.83408,Turretfield,1963-11-01T00:00:00Z,2,30,15,Spring,1963,4.5536723163841835,59.416666666666664
-34.55784,138.83408,Turretfield,1963-11-05T00:00:00Z,1,40,40,Spring,1963,4.5536723163841835,57.5
-34.55784,138.83408,Turretfield,1963-11-12T00:00:00Z,1,15,15,Spring,1963,4.5536723163841835,61.5
-34.55784,138.83408,Turretfield,1964-01-02T00:00:00Z,1,8,8,Summer,1964,0.4343434343434344,61.37499999999999
-34.55784,138.83408,Turretfield,1964-10-15T00:00:00Z,1,14,14,Spring,1964,6.987160674981662,60.66666666666667
-34.55784,138.83408,Turretfield,1964-10-19T00:00:00Z,1,27,27,Spring,1964,6.987160674981662,60.416666666666664
-34.55784,138.83408,Turretfield,1964-10-27T00:00:00Z,1,15,15,Spring,1964,6.987160674981662,59.625
-34.55784,138.83408,Turretfield,1964-10-28T00:00:00Z,1,25,25,Spring,1964,6.987160674981662,63
-34.55784,138.83408,Turretfield,1964-11-01T00:00:00Z,1,17,17,Spring,1964,6.987160674981662,61.25
-34.55784,138.83408,Turretfield,1964-11-06T00:00:00Z,1,19,19,Spring,1964,6.987160674981662,56.833333333333336
-34.55784,138.83408,Turretfield,1964-11-08T00:00:00Z,1,23,23,Spring,1964,6.987160674981662,55.66666666666667
-34.55784,138.83408,Turretfield,1964-11-09T00:00:00Z,1,30,30,Spring,1964,6.987160674981662,58.375
-34.55784,138.83408,Turretfield,1964-11-10T00:00:00Z,1,20,20,Spring,1964,6.987160674981662,60.66666666666666
-34.55784,138.83408,Turretfield,1964-11-11T00:00:00Z,1,31,31,Spring,1964,6.987160674981662,60.62500000000001
-34.55784,138.83408,Turretfield,1964-11-12T00:00:00Z,1,27,27,Spring,1964,6.987160674981662,60.70833333333333
-34.55784,138.83408,Turretfield,1964-11-13T00:00:00Z,1,29,29,Spring,1964,6.987160674981662,60.125
-34.55784,138.83408,Turretfield,1964-11-14T00:00:00Z,1,34,34,Spring,1964,6.987160674981662,59.79166666666666
-34.55784,138.83408,Turretfield,1964-11-20T00:00:00Z,1,21,21,Spring,1964,6.987160674981662,58.5
-34.55784,138.83408,Turretfield,1964-11-24T00:00:00Z,1,30,30,Spring,1964,6.987160674981662,59.125
-34.55784,138.83408,Turretfield,1964-11-25T00:00:00Z,1,20,20,Spring,1964,6.987160674981662,59.125
-34.55784,138.83408,Turretfield,1964-12-27T00:00:00Z,1,30,30,Spring,1964,6.987160674981662,60.916666666666664
-34.55784,138.83408,Turretfield,1964-12-29T00:00:00Z,1,17,17,Spring,1964,6.987160674981662,61.29166666666667
-34.55784,138.83408,Turretfield,1965-01-02T00:00:00Z,1,7,7,Summer,1965,1.4146341463414638,65.83333333333334
-34.55784,138.83408,Turretfield,1965-01-05T00:00:00Z,1,7,7,Summer,1965,1.4146341463414638,64.66666666666667
-34.55784,138.83408,Turretfield,1965-01-20T00:00:00Z,1,6,6,Summer,1965,1.4146341463414638,64.41666666666666
-34.55784,138.83408,Turretfield,1965-09-25T00:00:00Z,1,30,30,Spring,1965,1.8454545454545457,59.33333333333333
-34.55784,138.83408,Turretfield,1965-10-06T00:00:00Z,1,6,6,Spring,1965,1.8454545454545457,58.54166666666667
-34.55784,138.83408,Turretfield,1965-10-20T00:00:00Z,1,10,10,Spring,1965,1.8454545454545457,51.99999999999999
-34.55784,138.83408,Turretfield,1965-11-04T00:00:00Z,2,36,18,Spring,1965,1.8454545454545457,60.291666666666664
-34.55784,138.83408,Turretfield,1965-11-14T00:00:00Z,1,10,10,Spring,1965,1.8454545454545457,57.208333333333336
-34.55784,138.83408,Turretfield,1965-11-26T00:00:00Z,1,16,16,Spring,1965,1.8454545454545457,57.291666666666664
-34.55784,138.83408,Turretfield,1965-11-29T00:00:00Z,1,6,6,Spring,1965,1.8454545454545457,57.25
-34.55784,138.83408,Turretfield,1965-11-30T00:00:00Z,1,6,6,Spring,1965,1.8454545454545457,60.29166666666667
-34.55784,138.83408,Turretfield,1965-12-03T00:00:00Z,1,11,11,Spring,1965,1.8454545454545457,59.45833333333333
-34.55784,138.83408,Turretfield,1965-12-18T00:00:00Z,1,11,11,Spring,1965,1.8454545454545457,68.58333333333333
-34.55784,138.83408,Turretfield,1966-01-14T00:00:00Z,1,6,6,Summer,1966,0.7564102564102564,64.66666666666667
-34.55784,138.83408,Turretfield,1966-09-28T00:00:00Z,1,20,20,Spring,1966,9.828754300748837,67.41666666666667
-34.55784,138.83408,Turretfield,1966-10-13T00:00:00Z,1,30,30,Spring,1966,9.828754300748837,64.41666666666667
-34.55784,138.83408,Turretfield,1966-10-28T00:00:00Z,1,20,20,Spring,1966,9.828754300748837,68.33333333333334
-34.55784,138.83408,Turretfield,1966-11-06T00:00:00Z,1,36,36,Spring,1966,9.828754300748837,72.04166666666666
-34.55784,138.83408,Turretfield,1966-11-11T00:00:00Z,1,50,50,Spring,1966,9.828754300748837,73.375
-34.55784,138.83408,Turretfield,1966-11-16T00:00:00Z,1,24,24,Spring,1966,9.828754300748837,76.79166666666667
-34.55784,138.83408,Turretfield,1966-11-17T00:00:00Z,1,48,48,Spring,1966,9.828754300748837,76.83333333333333
-34.55784,138.83408,Turretfield,1966-11-18T00:00:00Z,1,20,20,Spring,1966,9.828754300748837,79.625
-34.55784,138.83408,Turretfield,1966-11-25T00:00:00Z,1,20,20,Spring,1966,9.828754300748837,73.375
-34.55784,138.83408,Turretfield,1966-12-02T00:00:00Z,1,41,41,Spring,1966,9.828754300748837,70.66666666666666
-34.55784,138.83408,Turretfield,1966-12-06T00:00:00Z,1,40,40,Spring,1966,9.828754300748837,72.75
-34.55784,138.83408,Turretfield,1966-12-09T00:00:00Z,1,42,42,Spring,1966,9.828754300748837,71.41666666666667
-34.55784,138.83408,Turretfield,1966-12-12T00:00:00Z,1,148,148,Spring,1966,9.828754300748837,69.41666666666667
-34.55784,138.83408,Turretfield,1966-12-14T00:00:00Z,2,96,48,Spring,1966,9.828754300748837,67.25
-34.55784,138.83408,Turretfield,1966-12-15T00:00:00Z,1,24,24,Spring,1966,9.828754300748837,66.79166666666667
-34.55784,138.83408,Turretfield,1966-12-16T00:00:00Z,1,23,23,Spring,1966,9.828754300748837,66.375
-34.55784,138.83408,Turretfield,1966-12-20T00:00:00Z,1,20,20,Spring,1966,9.828754300748837,66.20833333333333
-34.55784,138.83408,Turretfield,1966-12-23T00:00:00Z,1,31,31,Spring,1966,9.828754300748837,66.08333333333333
-34.55784,138.83408,Turretfield,1967-01-03T00:00:00Z,1,40,40,Summer,1967,2.5319148936170217,58.58333333333333
-34.55784,138.83408,Turretfield,1967-01-05T00:00:00Z,1,10,10,Summer,1967,2.5319148936170217,60.041666666666664
-34.55784,138.83408,Turretfield,1967-02-01T00:00:00Z,1,16,16,Summer,1967,2.5319148936170217,62.70833333333333
-34.55784,138.83408,Turretfield,1967-02-03T00:00:00Z,1,10,10,Summer,1967,2.5319148936170217,63.66666666666667
-34.55784,138.83408,Turretfield,1967-02-11T00:00:00Z,1,8,8,Summer,1967,2.5319148936170217,55.375
-34.55784,138.83408,Turretfield,1967-10-08T00:00:00Z,1,8,8,Spring,1967,2.5143678160919554,58.708333333333336
-34.55784,138.83408,Turretfield,1967-10-11T00:00:00Z,1,16,16,Spring,1967,2.5143678160919554,57.25
-34.55784,138.83408,Turretfield,1967-10-23T00:00:00Z,1,32,32,Spring,1967,2.5143678160919554,59
-34.55784,138.83408,Turretfield,1967-10-25T00:00:00Z,1,7,7,Spring,1967,2.5143678160919554,58.16666666666667
-34.55784,138.83408,Turretfield,1967-10-26T00:00:00Z,1,16,16,Spring,1967,2.5143678160919554,57.208333333333336
-34.55784,138.83408,Turretfield,1967-10-28T00:00:00Z,1,12,12,Spring,1967,2.5143678160919554,60.04166666666667
-34.55784,138.83408,Turretfield,1967-10-29T00:00:00Z,1,17,17,Spring,1967,2.5143678160919554,59.70833333333333
-34.55784,138.83408,Turretfield,1967-10-30T00:00:00Z,1,15,15,Spring,1967,2.5143678160919554,61
-34.55784,138.83408,Turretfield,1967-10-31T00:00:00Z,1,22,22,Spring,1967,2.5143678160919554,61.08333333333333
-34.55784,138.83408,Turretfield,1967-11-01T00:00:00Z,1,12,12,Spring,1967,2.5143678160919554,61.29166666666666
-34.55784,138.83408,Turretfield,1967-11-02T00:00:00Z,1,8,8,Spring,1967,2.5143678160919554,61.29166666666666
-34.55784,138.83408,Turretfield,1967-11-03T00:00:00Z,1,18,18,Spring,1967,2.5143678160919554,61.29166666666666
-34.55784,138.83408,Turretfield,1967-11-10T00:00:00Z,1,8,8,Spring,1967,2.5143678160919554,54.79166666666667
-34.55784,138.83408,Turretfield,1967-11-19T00:00:00Z,1,6,6,Spring,1967,2.5143678160919554,56.125
-34.55784,138.83408,Turretfield,1968-09-16T00:00:00Z,1,6,6,Spring,1968,2.318261435291763,66.25
-34.55784,138.83408,Turretfield,1968-11-07T00:00:00Z,1,7,7,Spring,1968,2.318261435291763,58.41666666666667
-34.55784,138.83408,Turretfield,1968-11-09T00:00:00Z,1,10,10,Spring,1968,2.318261435291763,60.29166666666666
-34.55784,138.83408,Turretfield,1968-11-11T00:00:00Z,1,7,7,Spring,1968,2.318261435291763,61.708333333333336
-34.55784,138.83408,Turretfield,1968-11-12T00:00:00Z,1,23,23,Spring,1968,2.318261435291763,61.12500000000001
-34.55784,138.83408,Turretfield,1968-11-14T00:00:00Z,1,8,8,Spring,1968,2.318261435291763,60.29166666666666
-34.55784,138.83408,Turretfield,1968-11-15T00:00:00Z,1,8,8,Spring,1968,2.318261435291763,59.291666666666664
-34.55784,138.83408,Turretfield,1968-11-16T00:00:00Z,1,20,20,Spring,1968,2.318261435291763,58.45833333333333
-34.55784,138.83408,Turretfield,1968-12-23T00:00:00Z,1,13,13,Spring,1968,2.318261435291763,69.41666666666666
-34.55784,138.83408,Turretfield,1969-02-02T00:00:00Z,1,10,10,Summer,1969,2.571895424836603,51.33333333333333
-34.55784,138.83408,Turretfield,1969-02-07T00:00:00Z,1,19,19,Summer,1969,2.571895424836603,56.58333333333334
-34.55784,138.83408,Turretfield,1969-02-08T00:00:00Z,1,7,7,Summer,1969,2.571895424836603,55.58333333333333
-34.55784,138.83408,Turretfield,1969-02-12T00:00:00Z,1,20,20,Summer,1969,2.571895424836603,51.95833333333334
-34.55784,138.83408,Turretfield,1969-02-13T00:00:00Z,1,12,12,Summer,1969,2.571895424836603,52.125
-34.55784,138.83408,Turretfield,1969-02-14T00:00:00Z,1,18,18,Summer,1969,2.571895424836603,52
-34.55784,138.83408,Turretfield,1969-02-16T00:00:00Z,1,12,12,Summer,1969,2.571895424836603,54.45833333333334
-34.55784,138.83408,Turretfield,1969-02-26T00:00:00Z,1,9,9,Summer,1969,2.571895424836603,56.95833333333333
-34.55784,138.83408,Turretfield,1969-11-13T00:00:00Z,1,16,16,Spring,1969,0.5478260869565215,60.41666666666667
-34.55784,138.83408,Turretfield,1970-10-01T00:00:00Z,1,6,6,Spring,1970,1.3333333333333333,54.166666666666664
-34.55784,138.83408,Turretfield,1970-12-17T00:00:00Z,1,6,6,Spring,1970,1.3333333333333333,68.25
-34.55784,138.83408,Turretfield,1970-12-18T00:00:00Z,1,7,7,Spring,1970,1.3333333333333333,68.25
-34.55784,138.83408,Turretfield,1970-12-25T00:00:00Z,1,7,7,Spring,1970,1.3333333333333333,72.70833333333333
-34.55784,138.83408,Turretfield,1970-12-26T00:00:00Z,1,7,7,Spring,1970,1.3333333333333333,72.70833333333333
-34.55784,138.83408,Turretfield,1971-01-01T00:00:00Z,2,21,10.5,Summer,1971,0.8303571428571432,70.33333333333333
-34.55784,138.83408,Turretfield,1971-01-05T00:00:00Z,1,8,8,Summer,1971,0.8303571428571432,71.08333333333334
-34.55784,138.83408,Turretfield,1971-11-10T00:00:00Z,1,8,8,Spring,1971,1.1557377049180335,52.5
-34.55784,138.83408,Turretfield,1971-11-11T00:00:00Z,1,7,7,Spring,1971,1.1557377049180335,52.45833333333333
-34.55784,138.83408,Turretfield,1971-11-13T00:00:00Z,1,6,6,Spring,1971,1.1557377049180335,52.49999999999999
-34.55784,138.83408,Turretfield,1971-11-14T00:00:00Z,1,8,8,Spring,1971,1.1557377049180335,56.29166666666667
-34.55784,138.83408,Turretfield,1971-11-15T00:00:00Z,1,8,8,Spring,1971,1.1557377049180335,55.91666666666667
-34.55784,138.83408,Turretfield,1971-11-16T00:00:00Z,1,8,8,Spring,1971,1.1557377049180335,55.45833333333333
-34.55784,138.83408,Turretfield,1971-11-17T00:00:00Z,1,13,13,Spring,1971,1.1557377049180335,56.20833333333333
-34.55784,138.83408,Turretfield,1971-11-19T00:00:00Z,1,7,7,Spring,1971,1.1557377049180335,58.58333333333334
-34.55784,138.83408,Turretfield,1971-11-28T00:00:00Z,1,6,6,Spring,1971,1.1557377049180335,60.125
-34.55784,138.83408,Turretfield,1972-01-27T00:00:00Z,1,20,20,Summer,1972,1.40625,68.66666666666666
-34.55784,138.83408,Turretfield,1972-01-29T00:00:00Z,1,11,11,Summer,1972,1.40625,68.66666666666666
-34.55784,138.83408,Turretfield,1972-01-30T00:00:00Z,1,9,9,Summer,1972,1.40625,68.66666666666666
-34.55784,138.83408,Turretfield,1972-01-31T00:00:00Z,1,8,8,Summer,1972,1.40625,68.66666666666666
-34.55784,138.83408,Turretfield,1972-07-02T00:00:00Z,1,19,19,Winter,1972,0.3250000000000002,94.91666666666667
-34.55784,138.83408,Turretfield,1972-09-09T00:00:00Z,1,29,29,Spring,1972,1.6000000000000003,60.166666666666664
-34.55784,138.83408,Turretfield,1973-08-20T00:00:00Z,1,8,8,Winter,1973,0.773337595907928,70.875
-34.55784,138.83408,Turretfield,1973-08-31T00:00:00Z,1,16,16,Winter,1973,0.773337595907928,66.70833333333334
-34.55784,138.83408,Turretfield,1973-09-02T00:00:00Z,1,9,9,Spring,1973,1.3915857605177997,66
-34.55784,138.83408,Turretfield,1973-10-01T00:00:00Z,1,7,7,Spring,1973,1.3915857605177997,58.41666666666667
-34.55784,138.83408,Turretfield,1973-10-26T00:00:00Z,1,9,9,Spring,1973,1.3915857605177997,62.70833333333333
-34.55784,138.83408,Turretfield,1973-10-27T00:00:00Z,1,11,11,Spring,1973,1.3915857605177997,63.29166666666667
-34.55784,138.83408,Turretfield,1973-10-28T00:00:00Z,1,7,7,Spring,1973,1.3915857605177997,62.66666666666667
-34.55784,138.83408,Turretfield,1973-10-30T00:00:00Z,1,8,8,Spring,1973,1.3915857605177997,62.70833333333333
-34.55784,138.83408,Turretfield,1973-10-31T00:00:00Z,1,8,8,Spring,1973,1.3915857605177997,64.83333333333333
-34.55784,138.83408,Turretfield,1973-11-02T00:00:00Z,1,24,24,Spring,1973,1.3915857605177997,64.20833333333333
-34.55784,138.83408,Turretfield,1973-11-04T00:00:00Z,1,19,19,Spring,1973,1.3915857605177997,63.5
-34.55784,138.83408,Turretfield,1974-10-20T00:00:00Z,1,10,10,Spring,1974,1.911560063710287,52.41666666666667
-34.55784,138.83408,Turretfield,1974-10-21T00:00:00Z,1,9,9,Spring,1974,1.911560063710287,51.958333333333336
-34.55784,138.83408,Turretfield,1974-10-22T00:00:00Z,1,12,12,Spring,1974,1.911560063710287,54.83333333333333
-34.55784,138.83408,Turretfield,1974-10-23T00:00:00Z,1,15,15,Spring,1974,1.911560063710287,54.33333333333333
-34.55784,138.83408,Turretfield,1974-11-01T00:00:00Z,1,7,7,Spring,1974,1.911560063710287,55.45833333333333
-34.55784,138.83408,Turretfield,1974-11-05T00:00:00Z,1,6,6,Spring,1974,1.911560063710287,54.58333333333333
-34.55784,138.83408,Turretfield,1974-11-08T00:00:00Z,1,7,7,Spring,1974,1.911560063710287,53.291666666666664
-34.55784,138.83408,Turretfield,1974-11-09T00:00:00Z,1,7,7,Spring,1974,1.911560063710287,52.5
-34.55784,138.83408,Turretfield,1974-12-16T00:00:00Z,1,6,6,Spring,1974,1.911560063710287,59.70833333333333
-34.55784,138.83408,Turretfield,1975-09-08T00:00:00Z,1,15,15,Spring,1975,1.6209883720930232,68.66666666666667
-34.55784,138.83408,Turretfield,1975-09-10T00:00:00Z,1,7,7,Spring,1975,1.6209883720930232,67.66666666666667
-34.55784,138.83408,Turretfield,1975-09-11T00:00:00Z,1,16,16,Spring,1975,1.6209883720930232,67
-34.55784,138.83408,Turretfield,1975-09-12T00:00:00Z,1,17,17,Spring,1975,1.6209883720930232,68.79166666666666
-34.55784,138.83408,Turretfield,1975-11-13T00:00:00Z,1,8,8,Spring,1975,1.6209883720930232,58.875
-34.55784,138.83408,Turretfield,1975-11-21T00:00:00Z,1,7,7,Spring,1975,1.6209883720930232,57.29166666666667
-34.55784,138.83408,Turretfield,1975-11-24T00:00:00Z,1,16,16,Spring,1975,1.6209883720930232,57.66666666666667
-34.55784,138.83408,Turretfield,1976-09-15T00:00:00Z,1,8,8,Spring,1976,1.5853658536585362,69.41666666666666
-34.55784,138.83408,Turretfield,1976-09-27T00:00:00Z,1,8,8,Spring,1976,1.5853658536585362,66.875
-34.55784,138.83408,Turretfield,1976-10-01T00:00:00Z,1,10,10,Spring,1976,1.5853658536585362,64.125
-34.55784,138.83408,Turretfield,1976-10-20T00:00:00Z,1,9,9,Spring,1976,1.5853658536585362,55.625
-34.55784,138.83408,Turretfield,1976-10-31T00:00:00Z,2,12,6,Spring,1976,1.5853658536585362,58.875
-34.55784,138.83408,Turretfield,1976-11-01T00:00:00Z,1,21,21,Spring,1976,1.5853658536585362,63.5
-34.55784,138.83408,Turretfield,1976-11-11T00:00:00Z,1,6,6,Spring,1976,1.5853658536585362,61.83333333333333
-34.55784,138.83408,Turretfield,1977-09-07T00:00:00Z,1,10,10,Spring,1977,2.3133189834220755,70.75
-34.55784,138.83408,Turretfield,1977-09-11T00:00:00Z,1,6,6,Spring,1977,2.3133189834220755,68.20833333333334
-34.55784,138.83408,Turretfield,1977-09-16T00:00:00Z,1,11,11,Spring,1977,2.3133189834220755,66.125
-34.55784,138.83408,Turretfield,1977-09-17T00:00:00Z,1,12,12,Spring,1977,2.3133189834220755,65.625
-34.55784,138.83408,Turretfield,1977-09-22T00:00:00Z,1,34,34,Spring,1977,2.3133189834220755,62.91666666666667
-34.55784,138.83408,Turretfield,1977-09-24T00:00:00Z,1,8,8,Spring,1977,2.3133189834220755,64
-34.55784,138.83408,Turretfield,1977-09-25T00:00:00Z,1,7,7,Spring,1977,2.3133189834220755,64.875
-34.55784,138.83408,Turretfield,1977-12-01T00:00:00Z,1,8,8,Spring,1977,2.3133189834220755,67.83333333333334
-34.55784,138.83408,Turretfield,1978-09-26T00:00:00Z,1,24,24,Spring,1978,5.203389830508477,59.79166666666667
-34.55784,138.83408,Turretfield,1978-10-10T00:00:00Z,1,20,20,Spring,1978,5.203389830508477,57.208333333333336
-34.55784,138.83408,Turretfield,1978-10-11T00:00:00Z,1,32,32,Spring,1978,5.203389830508477,57.5
-34.55784,138.83408,Turretfield,1978-10-12T00:00:00Z,1,16,16,Spring,1978,5.203389830508477,57.875
-34.55784,138.83408,Turretfield,1978-10-22T00:00:00Z,1,20,20,Spring,1978,5.203389830508477,55.75
-34.55784,138.83408,Turretfield,1978-10-23T00:00:00Z,1,44,44,Spring,1978,5.203389830508477,55.08333333333333
-34.55784,138.83408,Turretfield,1978-10-24T00:00:00Z,1,24,24,Spring,1978,5.203389830508477,55.75
-34.55784,138.83408,Turretfield,1978-10-26T00:00:00Z,1,16,16,Spring,1978,5.203389830508477,59.41666666666666
-34.55784,138.83408,Turretfield,1978-11-05T00:00:00Z,1,24,24,Spring,1978,5.203389830508477,60.625
-34.55784,138.83408,Turretfield,1978-11-06T00:00:00Z,1,24,24,Spring,1978,5.203389830508477,62.20833333333333
-34.55784,138.83408,Turretfield,1978-11-07T00:00:00Z,1,32,32,Spring,1978,5.203389830508477,61.833333333333336
-34.55784,138.83408,Turretfield,1978-11-15T00:00:00Z,1,24,24,Spring,1978,5.203389830508477,61.375
-34.55784,138.83408,Turretfield,1978-11-19T00:00:00Z,1,12,12,Spring,1978,5.203389830508477,59.125
-34.55784,138.83408,Turretfield,1978-11-20T00:00:00Z,1,16,16,Spring,1978,5.203389830508477,58.125
-34.55784,138.83408,Turretfield,1978-11-23T00:00:00Z,1,16,16,Spring,1978,5.203389830508477,57.458333333333336
-34.55784,138.83408,Turretfield,1978-11-24T00:00:00Z,1,16,16,Spring,1978,5.203389830508477,60.25
-34.55784,138.83408,Turretfield,1978-11-26T00:00:00Z,1,16,16,Spring,1978,5.203389830508477,59.833333333333336
-34.55784,138.83408,Turretfield,1978-11-27T00:00:00Z,1,12,12,Spring,1978,5.203389830508477,58.33333333333334
-34.55784,138.83408,Turretfield,1978-12-05T00:00:00Z,1,15,15,Spring,1978,5.203389830508477,57.5
-34.55784,138.83408,Turretfield,1978-12-10T00:00:00Z,1,16,16,Spring,1978,5.203389830508477,58.958333333333336
-34.55784,138.83408,Turretfield,1979-01-07T00:00:00Z,1,10,10,Summer,1979,0.3207547169811321,72.375
-34.55784,138.83408,Turretfield,1979-09-08T00:00:00Z,1,6,6,Spring,1979,1.8440544570392592,66.375
-34.55784,138.83408,Turretfield,1979-09-16T00:00:00Z,1,12,12,Spring,1979,1.8440544570392592,62.416666666666664
-34.55784,138.83408,Turretfield,1979-10-05T00:00:00Z,1,8,8,Spring,1979,1.8440544570392592,58.16666666666667
-34.55784,138.83408,Turretfield,1979-10-14T00:00:00Z,1,6,6,Spring,1979,1.8440544570392592,53.83333333333333
-34.55784,138.83408,Turretfield,1979-10-18T00:00:00Z,1,12,12,Spring,1979,1.8440544570392592,53.5
-34.55784,138.83408,Turretfield,1979-10-19T00:00:00Z,1,8,8,Spring,1979,1.8440544570392592,53.25
-34.55784,138.83408,Turretfield,1979-10-26T00:00:00Z,1,16,16,Spring,1979,1.8440544570392592,51.25
-34.55784,138.83408,Turretfield,1980-09-29T00:00:00Z,1,8,8,Spring,1980,1.5181818181818183,62.91666666666667
-34.55784,138.83408,Turretfield,1980-10-18T00:00:00Z,1,8,8,Spring,1980,1.5181818181818183,66.20833333333333
-34.55784,138.83408,Turretfield,1980-10-19T00:00:00Z,1,7,7,Spring,1980,1.5181818181818183,71.20833333333333
-34.55784,138.83408,Turretfield,1980-10-22T00:00:00Z,1,7,7,Spring,1980,1.5181818181818183,71.375
-34.55784,138.83408,Turretfield,1980-12-01T00:00:00Z,1,18,18,Spring,1980,1.5181818181818183,60.125
-34.55784,138.83408,Turretfield,1980-12-02T00:00:00Z,1,6,6,Spring,1980,1.5181818181818183,59.54166666666667
-34.55784,138.83408,Turretfield,1981-09-14T00:00:00Z,1,8,8,Spring,1981,1.3582554517133953,56.5
-34.55784,138.83408,Turretfield,1981-09-15T00:00:00Z,1,8,8,Spring,1981,1.3582554517133953,56.708333333333336
-34.55784,138.83408,Turretfield,1981-09-16T00:00:00Z,1,8,8,Spring,1981,1.3582554517133953,57.33333333333333
-34.55784,138.83408,Turretfield,1981-09-19T00:00:00Z,1,8,8,Spring,1981,1.3582554517133953,60
-34.55784,138.83408,Turretfield,1981-10-19T00:00:00Z,1,8,8,Spring,1981,1.3582554517133953,59.29166666666666
-34.55784,138.83408,Turretfield,1981-10-25T00:00:00Z,1,12,12,Spring,1981,1.3582554517133953,55.66666666666667
-34.55784,138.83408,Turretfield,1981-10-29T00:00:00Z,1,12,12,Spring,1981,1.3582554517133953,54.08333333333333
-34.55784,138.83408,Turretfield,1981-10-31T00:00:00Z,1,8,8,Spring,1981,1.3582554517133953,55.5
-34.55784,138.83408,Turretfield,1982-10-18T00:00:00Z,1,12,12,Spring,1982,0.5041322314049583,62.958333333333336
-34.55784,138.83408,Turretfield,1982-10-26T00:00:00Z,1,7,7,Spring,1982,0.5041322314049583,64.33333333333333
-34.55784,138.83408,Turretfield,1983-09-23T00:00:00Z,1,6,6,Spring,1983,1.1226415094339623,60.041666666666664
-34.55784,138.83408,Turretfield,1983-10-16T00:00:00Z,1,8,8,Spring,1983,1.1226415094339623,58.58333333333333
-34.55784,138.83408,Turretfield,1983-10-30T00:00:00Z,1,9,9,Spring,1983,1.1226415094339623,61.291666666666664
-34.55784,138.83408,Turretfield,1983-11-07T00:00:00Z,1,8,8,Spring,1983,1.1226415094339623,60.75
-34.55784,138.83408,Turretfield,1983-11-08T00:00:00Z,1,8,8,Spring,1983,1.1226415094339623,61.625
-34.55784,138.83408,Turretfield,1983-12-05T00:00:00Z,1,6,6,Spring,1983,1.1226415094339623,75.5
-34.55784,138.83408,Turretfield,1984-11-01T00:00:00Z,1,6,6,Spring,1984,0.8318042813455658,61.12499999999999
-34.55784,138.83408,Turretfield,1984-11-14T00:00:00Z,1,12,12,Spring,1984,0.8318042813455658,61.416666666666664
-34.55784,138.83408,Turretfield,1985-10-27T00:00:00Z,1,10,10,Spring,1985,1.312454212454212,49.375
-34.55784,138.83408,Turretfield,1985-11-08T00:00:00Z,1,9,9,Spring,1985,1.312454212454212,50.583333333333336
-34.55784,138.83408,Turretfield,1985-11-09T00:00:00Z,1,9,9,Spring,1985,1.312454212454212,51.54166666666667
-34.55784,138.83408,Turretfield,1986-10-30T00:00:00Z,2,17,8.5,Spring,1986,0.8263888888888885,58.70833333333333
-34.55784,138.83408,Turretfield,1986-12-10T00:00:00Z,1,14,14,Spring,1986,0.8263888888888885,56.83333333333333
-34.55784,138.83408,Turretfield,1987-10-13T00:00:00Z,1,6,6,Spring,1987,1.097436621485944,65.20833333333333
-34.55784,138.83408,Turretfield,1987-10-19T00:00:00Z,1,6,6,Spring,1987,1.097436621485944,61.25
-34.55784,138.83408,Turretfield,1987-10-20T00:00:00Z,1,6,6,Spring,1987,1.097436621485944,60.583333333333336
-34.55784,138.83408,Turretfield,1987-10-24T00:00:00Z,1,6,6,Spring,1987,1.097436621485944,59.16666666666666
-34.55784,138.83408,Turretfield,1987-10-25T00:00:00Z,1,8,8,Spring,1987,1.097436621485944,58.708333333333336
-34.55784,138.83408,Turretfield,1987-10-27T00:00:00Z,1,7,7,Spring,1987,1.097436621485944,58.04166666666667
-34.55784,138.83408,Turretfield,1987-10-29T00:00:00Z,1,6,6,Spring,1987,1.097436621485944,57.541666666666664
-34.55784,138.83408,Turretfield,1987-11-10T00:00:00Z,1,8,8,Spring,1987,1.097436621485944,56.375
-30.285,150.167222222222,Mt. Dowe,1986-11-04T00:00:00Z,1,174,174,Spring,1986,27.77358490566038,48.333333333333336
-30.285,150.167222222222,Mt. Dowe,1986-11-05T00:00:00Z,1,689,689,Spring,1986,27.77358490566038,48.20833333333333
-30.285,150.167222222222,Mt. Dowe,1986-11-06T00:00:00Z,1,152,152,Spring,1986,27.77358490566038,48.958333333333336
-30.285,150.167222222222,Mt. Dowe,1986-11-18T00:00:00Z,1,80,80,Spring,1986,27.77358490566038,47.16666666666667
-30.285,150.167222222222,Mt. Dowe,1987-03-04T00:00:00Z,1,29,29,Autumn,1987,4.2857142857142865,51.70833333333333
-30.285,150.167222222222,Mt. Dowe,1987-10-01T00:00:00Z,1,3448,3448,Spring,1987,205.85714285714295,59.16666666666667
-30.285,150.167222222222,Mt. Dowe,1987-10-19T00:00:00Z,1,1218,1218,Spring,1987,205.85714285714295,52.75
-30.285,150.167222222222,Mt. Dowe,1988-01-15T00:00:00Z,1,237,237,Summer,1988,55.66666666666667,47.083333333333336
-30.285,150.167222222222,Mt. Dowe,1988-01-17T00:00:00Z,1,135,135,Summer,1988,55.66666666666667,44.70833333333333
-30.285,150.167222222222,Mt. Dowe,1988-01-20T00:00:00Z,1,200,200,Summer,1988,55.66666666666667,44.54166666666667
-30.285,150.167222222222,Mt. Dowe,1988-02-17T00:00:00Z,1,387,387,Summer,1988,55.66666666666667,45.58333333333333
-30.285,150.167222222222,Mt. Dowe,1988-03-07T00:00:00Z,1,41,41,Autumn,1988,12.2,61
-30.285,150.167222222222,Mt. Dowe,1988-10-13T00:00:00Z,1,186,186,Spring,1988,38.0952380952381,46.791666666666664
-30.285,150.167222222222,Mt. Dowe,1988-10-14T00:00:00Z,1,511,511,Spring,1988,38.0952380952381,46.875
-30.285,150.167222222222,Mt. Dowe,1989-01-20T00:00:00Z,1,20,20,Summer,1989,5.25,39.541666666666664
-30.285,150.167222222222,Mt. Dowe,1989-02-02T00:00:00Z,1,24,24,Summer,1989,5.25,38.75
-30.285,150.167222222222,Mt. Dowe,1989-02-08T00:00:00Z,1,30,30,Summer,1989,5.25,39.333333333333336
-30.285,150.167222222222,Mt. Dowe,1989-09-19T00:00:00Z,1,14,14,Spring,1989,5.7777777777777795,58.375
-30.285,150.167222222222,Mt. Dowe,1989-10-18T00:00:00Z,1,26,26,Spring,1989,5.7777777777777795,51.041666666666664
-30.285,150.167222222222,Mt. Dowe,1989-10-19T00:00:00Z,1,39,39,Spring,1989,5.7777777777777795,51.12500000000001
-30.285,150.167222222222,Mt. Dowe,1989-10-22T00:00:00Z,1,29,29,Spring,1989,5.7777777777777795,51.25
-30.285,150.167222222222,Mt. Dowe,1989-10-24T00:00:00Z,1,14,14,Spring,1989,5.7777777777777795,50.541666666666664
-30.285,150.167222222222,Mt. Dowe,1989-10-31T00:00:00Z,1,23,23,Spring,1989,5.7777777777777795,48.66666666666666
-30.285,150.167222222222,Mt. Dowe,1989-11-03T00:00:00Z,1,12,12,Spring,1989,5.7777777777777795,47.625
-30.285,150.167222222222,Mt. Dowe,1990-01-01T00:00:00Z,1,12,12,Summer,1990,1.9333333333333331,46
-30.285,150.167222222222,Mt. Dowe,1990-01-28T00:00:00Z,1,7,7,Summer,1990,1.9333333333333331,41.5
-30.285,150.167222222222,Mt. Dowe,1990-02-02T00:00:00Z,1,6,6,Summer,1990,1.9333333333333331,41
-30.4816667,152.394999999999,Point Lookout,1985-10-28T00:00:00Z,1,93,93,Spring,1985,10.435897435897436,65
-30.4816667,152.394999999999,Point Lookout,1985-11-04T00:00:00Z,1,21,21,Spring,1985,10.435897435897436,61.95833333333333
-30.4816667,152.394999999999,Point Lookout,1985-11-05T00:00:00Z,1,26,26,Spring,1985,10.435897435897436,61.29166666666666
-30.4816667,152.394999999999,Point Lookout,1985-11-11T00:00:00Z,1,125,125,Spring,1985,10.435897435897436,59.08333333333333
-30.4816667,152.394999999999,Point Lookout,1985-11-18T00:00:00Z,1,41,41,Spring,1985,10.435897435897436,56.791666666666664
-30.4816667,152.394999999999,Point Lookout,1985-11-25T00:00:00Z,1,23,23,Spring,1985,10.435897435897436,53.12499999999999
-30.4816667,152.394999999999,Point Lookout,1985-12-02T00:00:00Z,1,32,32,Spring,1985,10.435897435897436,51.375
-30.4816667,152.394999999999,Point Lookout,1986-01-02T00:00:00Z,1,6,6,Summer,1986,1.6206896551724141,51.666666666666664
-30.4816667,152.394999999999,Point Lookout,1986-02-26T00:00:00Z,1,21,21,Summer,1986,1.6206896551724141,59.20833333333333
-30.4816667,152.394999999999,Point Lookout,1986-03-03T00:00:00Z,1,19,19,Autumn,1986,8.65,63.33333333333333
-30.4816667,152.394999999999,Point Lookout,1986-03-10T00:00:00Z,1,42,42,Autumn,1986,8.65,72.58333333333334
-30.4816667,152.394999999999,Point Lookout,1986-03-18T00:00:00Z,1,60,60,Autumn,1986,8.65,83.20833333333334
-30.4816667,152.394999999999,Point Lookout,1986-04-08T00:00:00Z,1,26,26,Autumn,1986,8.65,163.625
-30.4816667,152.394999999999,Point Lookout,1986-09-15T00:00:00Z,1,18,18,Spring,1986,7.0921052631578965,85.04166666666667
-30.4816667,152.394999999999,Point Lookout,1986-10-16T00:00:00Z,1,45,45,Spring,1986,7.0921052631578965,70.33333333333334
-30.4816667,152.394999999999,Point Lookout,1986-10-21T00:00:00Z,1,17,17,Spring,1986,7.0921052631578965,68.20833333333333
-30.4816667,152.394999999999,Point Lookout,1986-10-29T00:00:00Z,1,24,24,Spring,1986,7.0921052631578965,64.08333333333334
-30.4816667,152.394999999999,Point Lookout,1986-11-02T00:00:00Z,1,296,296,Spring,1986,7.0921052631578965,63.08333333333334
-30.4816667,152.394999999999,Point Lookout,1986-11-29T00:00:00Z,1,18,18,Spring,1986,7.0921052631578965,56.125
-30.4816667,152.394999999999,Point Lookout,1987-01-13T00:00:00Z,1,14,14,Summer,1987,2.709677419354839,49.333333333333336
-30.4816667,152.394999999999,Point Lookout,1987-01-29T00:00:00Z,1,9,9,Summer,1987,2.709677419354839,57.41666666666666
-30.4816667,152.394999999999,Point Lookout,1987-02-14T00:00:00Z,1,10,10,Summer,1987,2.709677419354839,68.29166666666666
-30.4816667,152.394999999999,Point Lookout,1987-02-22T00:00:00Z,1,23,23,Summer,1987,2.709677419354839,76.5
-30.4816667,152.394999999999,Point Lookout,1987-02-23T00:00:00Z,1,8,8,Summer,1987,2.709677419354839,78.91666666666666
-30.4816667,152.394999999999,Point Lookout,1987-02-26T00:00:00Z,1,6,6,Summer,1987,2.709677419354839,85
-30.4816667,152.394999999999,Point Lookout,1987-03-19T00:00:00Z,1,15,15,Autumn,1987,5.948717948717949,160
-30.4816667,152.394999999999,Point Lookout,1987-03-20T00:00:00Z,1,78,78,Autumn,1987,5.948717948717949,161.91666666666666
-30.4816667,152.394999999999,Point Lookout,1987-03-23T00:00:00Z,1,14,14,Autumn,1987,5.948717948717949,170.875
-30.4816667,152.394999999999,Point Lookout,1987-04-01T00:00:00Z,1,21,21,Autumn,1987,5.948717948717949,175.20833333333331
-30.4816667,152.394999999999,Point Lookout,1987-04-16T00:00:00Z,1,12,12,Autumn,1987,5.948717948717949,174.45833333333331
-30.4816667,152.394999999999,Point Lookout,1987-10-01T00:00:00Z,1,64,64,Spring,1987,19.30434782608696,74.04166666666666
-30.4816667,152.394999999999,Point Lookout,1987-10-09T00:00:00Z,1,91,91,Spring,1987,19.30434782608696,69.70833333333334
-30.4816667,152.394999999999,Point Lookout,1987-10-14T00:00:00Z,1,39,39,Spring,1987,19.30434782608696,67.29166666666667
-30.4816667,152.394999999999,Point Lookout,1987-10-16T00:00:00Z,1,254,254,Spring,1987,19.30434782608696,65.75
-30.4816667,152.394999999999,Point Lookout,1987-10-18T00:00:00Z,1,43,43,Spring,1987,19.30434782608696,64.58333333333333
-30.4816667,152.394999999999,Point Lookout,1987-10-30T00:00:00Z,1,123,123,Spring,1987,19.30434782608696,60.66666666666667
-30.4816667,152.394999999999,Point Lookout,1987-10-31T00:00:00Z,1,174,174,Spring,1987,19.30434782608696,61.375
-30.4816667,152.394999999999,Point Lookout,1987-11-02T00:00:00Z,1,40,40,Spring,1987,19.30434782608696,61.41666666666667
-30.4816667,152.394999999999,Point Lookout,1987-11-05T00:00:00Z,1,66,66,Spring,1987,19.30434782608696,61.12499999999999
-30.4816667,152.394999999999,Point Lookout,1987-11-08T00:00:00Z,1,155,155,Spring,1987,19.30434782608696,59.41666666666667
-30.4816667,152.394999999999,Point Lookout,1987-11-16T00:00:00Z,1,137,137,Spring,1987,19.30434782608696,56.083333333333336
-30.4816667,152.394999999999,Point Lookout,1987-12-08T00:00:00Z,1,96,96,Spring,1987,19.30434782608696,49.208333333333336
-30.4816667,152.394999999999,Point Lookout,1987-12-16T00:00:00Z,1,39,39,Spring,1987,19.30434782608696,48.333333333333336
-30.4816667,152.394999999999,Point Lookout,1987-12-29T00:00:00Z,1,60,60,Spring,1987,19.30434782608696,48.54166666666667
-30.4816667,152.394999999999,Point Lookout,1988-01-16T00:00:00Z,1,43,43,Summer,1988,18.559322033898308,59
-30.4816667,152.394999999999,Point Lookout,1988-01-27T00:00:00Z,1,116,116,Summer,1988,18.559322033898308,66.79166666666666
-30.4816667,152.394999999999,Point Lookout,1988-02-10T00:00:00Z,1,254,254,Summer,1988,18.559322033898308,75.625
-30.4816667,152.394999999999,Point Lookout,1988-02-14T00:00:00Z,1,378,378,Summer,1988,18.559322033898308,77.79166666666666
-30.4816667,152.394999999999,Point Lookout,1988-02-22T00:00:00Z,1,44,44,Summer,1988,18.559322033898308,81.16666666666667
-30.4816667,152.394999999999,Point Lookout,1988-02-23T00:00:00Z,1,95,95,Summer,1988,18.559322033898308,82.66666666666667
-30.4816667,152.394999999999,Point Lookout,1988-03-13T00:00:00Z,1,193,193,Autumn,1988,22.925925925925927,157.95833333333334
-30.4816667,152.394999999999,Point Lookout,1988-03-14T00:00:00Z,1,387,387,Autumn,1988,22.925925925925927,158.95833333333331
-30.4816667,152.394999999999,Point Lookout,1988-10-10T00:00:00Z,1,85,85,Spring,1988,9.200000000000003,57.625
-30.4816667,152.394999999999,Point Lookout,1988-10-23T00:00:00Z,1,364,364,Spring,1988,9.200000000000003,59.375
-30.4816667,152.394999999999,Point Lookout,1988-10-24T00:00:00Z,1,30,30,Spring,1988,9.200000000000003,58.91666666666667
-30.4816667,152.394999999999,Point Lookout,1988-11-05T00:00:00Z,1,22,22,Spring,1988,9.200000000000003,59.58333333333333
-30.4816667,152.394999999999,Point Lookout,1988-11-07T00:00:00Z,1,37,37,Spring,1988,9.200000000000003,59.25
-30.4816667,152.394999999999,Point Lookout,1988-11-11T00:00:00Z,1,71,71,Spring,1988,9.200000000000003,58.04166666666667
-30.4816667,152.394999999999,Point Lookout,1988-11-16T00:00:00Z,1,28,28,Spring,1988,9.200000000000003,56.5
-30.4816667,152.394999999999,Point Lookout,1988-12-29T00:00:00Z,1,80,80,Spring,1988,9.200000000000003,56.16666666666667
-30.4816667,152.394999999999,Point Lookout,1989-01-13T00:00:00Z,1,21,21,Summer,1989,4.229166666666667,60.58333333333333
-30.4816667,152.394999999999,Point Lookout,1989-01-31T00:00:00Z,1,100,100,Summer,1989,4.229166666666667,62.20833333333334
-30.4816667,152.394999999999,Point Lookout,1989-02-11T00:00:00Z,1,13,13,Summer,1989,4.229166666666667,66.79166666666666
-30.4816667,152.394999999999,Point Lookout,1989-02-17T00:00:00Z,1,13,13,Summer,1989,4.229166666666667,72.41666666666666
-30.4816667,152.394999999999,Point Lookout,1989-03-07T00:00:00Z,1,32,32,Autumn,1989,3.4761904761904763,99.95833333333334
-30.4816667,152.394999999999,Point Lookout,1989-03-16T00:00:00Z,1,19,19,Autumn,1989,3.4761904761904763,176.33333333333334
-30.4816667,152.394999999999,Point Lookout,1989-03-25T00:00:00Z,1,7,7,Autumn,1989,3.4761904761904763,185
-30.4816667,152.394999999999,Point Lookout,1989-10-23T00:00:00Z,1,92,92,Spring,1989,40.56565656565656,67.79166666666667
-30.4816667,152.394999999999,Point Lookout,1989-10-24T00:00:00Z,1,2611,2611,Spring,1989,40.56565656565656,67.5
-30.4816667,152.394999999999,Point Lookout,1989-10-30T00:00:00Z,1,158,158,Spring,1989,40.56565656565656,66.70833333333333
-30.4816667,152.394999999999,Point Lookout,1989-11-19T00:00:00Z,1,316,316,Spring,1989,40.56565656565656,61.666666666666664
-30.4816667,152.394999999999,Point Lookout,1989-12-29T00:00:00Z,1,85,85,Spring,1989,40.56565656565656,60.66666666666667
-30.4816667,152.394999999999,Point Lookout,1990-01-10T00:00:00Z,1,56,56,Summer,1990,7.559999999999998,54.5
-30.4816667,152.394999999999,Point Lookout,1990-01-16T00:00:00Z,1,25,25,Summer,1990,7.559999999999998,54.41666666666667
-30.4816667,152.394999999999,Point Lookout,1990-01-18T00:00:00Z,1,57,57,Summer,1990,7.559999999999998,55.04166666666667
-30.4816667,152.394999999999,Point Lookout,1990-01-22T00:00:00Z,1,115,115,Summer,1990,7.559999999999998,56.583333333333336
-30.4816667,152.394999999999,Point Lookout,1990-01-23T00:00:00Z,1,28,28,Summer,1990,7.559999999999998,56.91666666666667
-30.474167,151.64944,"Laureldale, Armidale",1984-12-12T00:00:00Z,1,10,10,Spring,1984,1.9375,44.45833333333333
-30.474167,151.64944,"Laureldale, Armidale",1985-03-06T00:00:00Z,1,7,7,Autumn,1985,1.5263157894736843,61.95833333333333
-30.474167,151.64944,"Laureldale, Armidale",1985-09-25T00:00:00Z,1,9,9,Spring,1985,2.2619047619047614,65.70833333333333
-30.474167,151.64944,"Laureldale, Armidale",1985-12-28T00:00:00Z,1,12,12,Spring,1985,2.2619047619047614,40
-30.474167,151.64944,"Laureldale, Armidale",1985-12-31T00:00:00Z,1,8,8,Spring,1985,2.2619047619047614,38.83333333333333
-30.474167,151.64944,"Laureldale, Armidale",1986-09-26T00:00:00Z,1,9,9,Spring,1986,3.321428571428572,61.08333333333333
-30.474167,151.64944,"Laureldale, Armidale",1986-09-27T00:00:00Z,1,14,14,Spring,1986,3.321428571428572,60.95833333333334
-30.474167,151.64944,"Laureldale, Armidale",1986-10-05T00:00:00Z,1,10,10,Spring,1986,3.321428571428572,61.79166666666667
-30.474167,151.64944,"Laureldale, Armidale",1986-11-08T00:00:00Z,1,7,7,Spring,1986,3.321428571428572,50.125
-30.474167,151.64944,"Laureldale, Armidale",1987-09-27T00:00:00Z,1,10,10,Spring,1987,3.328125,62.12500000000001
-30.474167,151.64944,"Laureldale, Armidale",1987-10-08T00:00:00Z,1,10,10,Spring,1987,3.328125,59.375
-30.474167,151.64944,"Laureldale, Armidale",1987-10-09T00:00:00Z,1,7,7,Spring,1987,3.328125,59.20833333333333
-30.474167,151.64944,"Laureldale, Armidale",1987-10-11T00:00:00Z,1,15,15,Spring,1987,3.328125,58.83333333333334
-30.474167,151.64944,"Laureldale, Armidale",1987-10-24T00:00:00Z,1,18,18,Spring,1987,3.328125,51.74999999999999
-30.474167,151.64944,"Laureldale, Armidale",1987-10-29T00:00:00Z,1,14,14,Spring,1987,3.328125,50.375
-30.474167,151.64944,"Laureldale, Armidale",1987-11-24T00:00:00Z,1,9,9,Spring,1987,3.328125,45.75
-30.474167,151.64944,"Laureldale, Armidale",1987-12-29T00:00:00Z,1,7,7,Spring,1987,3.328125,41.95833333333333
-30.474167,151.64944,"Laureldale, Armidale",1988-01-02T00:00:00Z,1,8,8,Summer,1988,3.7837837837837838,44.25
-30.474167,151.64944,"Laureldale, Armidale",1988-01-20T00:00:00Z,1,8,8,Summer,1988,3.7837837837837838,46.083333333333336
-30.474167,151.64944,"Laureldale, Armidale",1988-01-31T00:00:00Z,1,8,8,Summer,1988,3.7837837837837838,48.83333333333333
-30.474167,151.64944,"Laureldale, Armidale",1988-02-01T00:00:00Z,1,10,10,Summer,1988,3.7837837837837838,49.20833333333333
-30.474167,151.64944,"Laureldale, Armidale",1988-02-06T00:00:00Z,1,8,8,Summer,1988,3.7837837837837838,50.458333333333336
-30.474167,151.64944,"Laureldale, Armidale",1988-02-07T00:00:00Z,1,21,21,Summer,1988,3.7837837837837838,50.875
-30.474167,151.64944,"Laureldale, Armidale",1988-08-23T00:00:00Z,1,6,6,Winter,1988,2.75,67.66666666666667
-30.474167,151.64944,"Laureldale, Armidale",1988-10-16T00:00:00Z,1,50,50,Spring,1988,11.57142857142857,45.916666666666664
-30.474167,151.64944,"Laureldale, Armidale",1988-10-18T00:00:00Z,1,39,39,Spring,1988,11.57142857142857,45.5
-30.474167,151.64944,"Laureldale, Armidale",1988-10-19T00:00:00Z,1,42,42,Spring,1988,11.57142857142857,45.083333333333336
-30.474167,151.64944,"Laureldale, Armidale",1988-10-20T00:00:00Z,1,74,74,Spring,1988,11.57142857142857,44.875
-30.474167,151.64944,"Laureldale, Armidale",1988-10-21T00:00:00Z,1,85,85,Spring,1988,11.57142857142857,44.833333333333336
-30.474167,151.64944,"Laureldale, Armidale",1988-10-22T00:00:00Z,1,31,31,Spring,1988,11.57142857142857,44.75
-30.474167,151.64944,"Laureldale, Armidale",1988-10-28T00:00:00Z,1,24,24,Spring,1988,11.57142857142857,45.416666666666664
-30.474167,151.64944,"Laureldale, Armidale",1988-10-29T00:00:00Z,1,39,39,Spring,1988,11.57142857142857,46.166666666666664
-30.474167,151.64944,"Laureldale, Armidale",1989-09-25T00:00:00Z,1,7,7,Spring,1989,3.481481481481482,59.083333333333336
-30.474167,151.64944,"Laureldale, Armidale",1989-10-08T00:00:00Z,1,16,16,Spring,1989,3.481481481481482,55.91666666666667
-30.474167,151.64944,"Laureldale, Armidale",1989-10-09T00:00:00Z,1,18,18,Spring,1989,3.481481481481482,55.625
-30.474167,151.64944,"Laureldale, Armidale",1989-10-13T00:00:00Z,1,27,27,Spring,1989,3.481481481481482,54.29166666666666
-30.474167,151.64944,"Laureldale, Armidale",1989-10-18T00:00:00Z,1,8,8,Spring,1989,3.481481481481482,54.75
-30.474167,151.64944,"Laureldale, Armidale",1990-01-04T00:00:00Z,1,11,11,Summer,1990,2.411764705882353,46.791666666666664
-30.474167,151.64944,"Laureldale, Armidale",1990-01-14T00:00:00Z,1,6,6,Summer,1990,2.411764705882353,45.083333333333336
-30.474167,151.64944,"Laureldale, Armidale",1990-01-19T00:00:00Z,1,7,7,Summer,1990,2.411764705882353,45.125
-30.474167,151.64944,"Laureldale, Armidale",1990-02-02T00:00:00Z,1,6,6,Summer,1990,2.411764705882353,47.29166666666667
-30.4269444,151.65861111111099,Newholme,1986-09-28T00:00:00Z,1,11,11,Spring,1986,3.0526315789473686,60.83333333333333
-30.4269444,151.65861111111099,Newholme,1986-10-09T00:00:00Z,1,12,12,Spring,1986,3.0526315789473686,61.25
-30.4269444,151.65861111111099,Newholme,1987-10-08T00:00:00Z,1,22,22,Spring,1987,6.811320754716983,59.375
-30.4269444,151.65861111111099,Newholme,1987-10-11T00:00:00Z,1,32,32,Spring,1987,6.811320754716983,58.83333333333334
-30.4269444,151.65861111111099,Newholme,1987-10-12T00:00:00Z,1,26,26,Spring,1987,6.811320754716983,58.41666666666667
-30.4269444,151.65861111111099,Newholme,1987-10-23T00:00:00Z,1,15,15,Spring,1987,6.811320754716983,51.99999999999999
-30.4269444,151.65861111111099,Newholme,1987-10-24T00:00:00Z,1,84,84,Spring,1987,6.811320754716983,51.74999999999999
-30.4269444,151.65861111111099,Newholme,1987-10-25T00:00:00Z,1,30,30,Spring,1987,6.811320754716983,51.083333333333336
-30.4269444,151.65861111111099,Newholme,1987-11-02T00:00:00Z,1,14,14,Spring,1987,6.811320754716983,49.37500000000001
-30.4269444,151.65861111111099,Newholme,1987-11-03T00:00:00Z,1,22,22,Spring,1987,6.811320754716983,50
-30.4269444,151.65861111111099,Newholme,1988-01-25T00:00:00Z,1,6,6,Summer,1988,2.5365853658536586,48.41666666666667
-30.4269444,151.65861111111099,Newholme,1988-02-07T00:00:00Z,1,8,8,Summer,1988,2.5365853658536586,50.875
-30.4269444,151.65861111111099,Newholme,1988-02-09T00:00:00Z,1,8,8,Summer,1988,2.5365853658536586,50.375
-30.4202778,152.806111111111,Thora,1986-03-20T00:00:00Z,1,8,8,Autumn,1986,2.8214285714285716,41.83333333333333
-30.4202778,152.806111111111,Thora,1986-03-21T00:00:00Z,1,21,21,Autumn,1986,2.8214285714285716,42.5
-30.4202778,152.806111111111,Thora,1986-09-26T00:00:00Z,1,9,9,Spring,1986,3.5230769230769234,45.541666666666664
-30.4202778,152.806111111111,Thora,1986-09-29T00:00:00Z,1,35,35,Spring,1986,3.5230769230769234,46.5
-30.4202778,152.806111111111,Thora,1986-10-13T00:00:00Z,1,8,8,Spring,1986,3.5230769230769234,45.54166666666667
-30.4202778,152.806111111111,Thora,1986-10-22T00:00:00Z,1,10,10,Spring,1986,3.5230769230769234,48.33333333333333
-30.4202778,152.806111111111,Thora,1986-10-25T00:00:00Z,1,8,8,Spring,1986,3.5230769230769234,47.708333333333336
-30.4202778,152.806111111111,Thora,1986-10-27T00:00:00Z,1,26,26,Spring,1986,3.5230769230769234,47.29166666666667
-30.4202778,152.806111111111,Thora,1986-12-30T00:00:00Z,1,19,19,Spring,1986,3.5230769230769234,39.75
-30.4202778,152.806111111111,Thora,1987-10-10T00:00:00Z,1,8,8,Spring,1987,2.207547169811321,48.58333333333333
-30.4202778,152.806111111111,Thora,1987-10-18T00:00:00Z,1,7,7,Spring,1987,2.207547169811321,47.291666666666664
-30.4202778,152.806111111111,Thora,1987-10-25T00:00:00Z,1,6,6,Spring,1987,2.207547169811321,46.833333333333336
-30.4202778,152.806111111111,Thora,1987-10-29T00:00:00Z,1,7,7,Spring,1987,2.207547169811321,47.20833333333333
-30.4202778,152.806111111111,Thora,1987-11-04T00:00:00Z,1,6,6,Spring,1987,2.207547169811321,48.41666666666667
